Fund Name,P1,P2,P3,P4,P5,Topsis Score,Rank
M1,0.82,0.67,7.0,48.1,14.15,0.5613787115092705,4
M2,0.83,0.69,3.3,50.7,13.88,0.36127014469616026,6
M3,0.67,0.45,4.3,45.1,12.63,0.6336439709305107,3
M4,0.69,0.48,5.5,33.5,10.04,0.7258127065774352,1
M5,0.66,0.44,4.0,33.4,9.63,0.662902195964006,2
M6,0.92,0.85,3.7,59.1,16.14,0.24641539251793834,8
M7,0.81,0.66,3.0,59.7,16.04,0.3396204075786022,7
M8,0.68,0.46,3.4,61.3,16.46,0.4946123604630059,5
